1370,Deniyagedar,Kottawa Yatalamatta
1369,Co op- Rukmallgoda,Yatalamattha Banbarapura
1368,Gala uda kade,Yatalamattha Banbarapura
1367,Sahabandu st,Dangedara  Elliot Road
1366,Thilina st,Wanduramba Ovilana
1365,Premasiri st,Thalagaha Kuruduwatta
1364,Nalin st,Thalagaha Kuruduwatta
1363,Dasmika st,Thalagaha Kuruduwatta
1362,A.P.S. st,Thalagaha Kuruduwatta
1361,Priyadarshana st,Thalagaha Kuruduwatta
1360,Kasun st,Thalagaha Kuruduwatta
1359,Asoka st,Nagoda Unanvitiya
1358,Chandima st,Yatalamattha Banbarapura
1357,Vithana Hotel,Yatalamattha Banbarapura
1356,Gunasena st,Dangedara  Elliot Road
1355,Alabada st,Wanduramba Ovilana
1354,New sampath st,Wanduramba Ovilana
1353,Kumudu st,Wanduramba Ovilana
1352,Wijewardana st,Thalagaha Kuruduwatta
1351,Gamini st,Thalagaha Kuruduwatta
1350,Jinapala st,Thalagaha Kuruduwatta
1349,Hirashi st,Thalagaha Kuruduwatta
1348,Paragahawatta st,Thalagaha Kuruduwatta
1347,Hiumi st,Thalagaha Kuruduwatta
1346,Gamini st,Wanduramba Ovilana
1345,Malani st,Narawala  Ambalanwatta
1344,Nimali st,Yatalamattha Banbarapura
1343,Jayasinghe st- Kibiya,Wanduramba Ovilana
1342,Hatharasinghe st,Wanduramba Ovilana
1341,Rangiri,Thalagaha Kuruduwatta
1340,Faruq st,Milidduwa Magalle
1339,Dilantha st,Kuruduwatta  Bataduwa
1338,Highland milk 2,Dangedara  Elliot Road
1337,Gammadda st,Kuruduwatta Kottawa
1336,Chenu F/C,Kuruduwatta Kottawa
1335,Kirikade,Wanduramba Ovilana
1334,Palaturu kade,Thalagaha Kuruduwatta
1333,Vihari st,Thalagaha Kuruduwatta
1332,Anamgodawatta st,Ovilana Labuduwa
1331,Guwani chinies,Kuruduwatta  Bataduwa
1330,Mulana st,Kuruduwatta  Bataduwa
1329,Shaheni st,Yatalamattha Banbarapura
1328,Lal st,Kuruduwatta Kottawa
1327,Chathuranga,Udugama
1326,Star Hotel,Milidduwa Magalle
1325,S.A. st,Milidduwa Magalle
1324,K.K. st,Milidduwa Magalle
1323,Gamage st,Nagoda Unanvitiya
1322,Situmina St,Kottawa Yatalamatta
1321,Tharidu Hotel,Kottawa Yatalamatta
1320,M.R.M. St,Dangedara  Elliot Road
1319,Laksiri st,Nagoda Unanvitiya
1318,Alawala st,Nagoda Unanvitiya
1317,H K P,Nagoda Unanvitiya
1316,Sadara St,Nagoda Unanvitiya
1315,Chandraka,Nagoda Unanvitiya
1314,Randina St,Nagoda Unanvitiya
1313,Wijesiri Nagoda,Nagoda Unanvitiya
1312,Hinappuhami st,Ovilana Labuduwa
1311,G.K.A.P st,Kottawa Yatalamatta
1310,N.A.P st,Kottawa Yatalamatta
1309,Jayaweera st,Kottawa Yatalamatta
1308,Masha Tea,Kuruduwatta  Bataduwa
1307,Chinthaka Gr.,Yatalamattha Banbarapura
1306,Ruhunu Gro.,Dangedara  Elliot Road
1305,Hewagamage st,Dangedara  Elliot Road
1304,H.s.piyadasa st,Wanduramba Ovilana
1303,Senewirathna st,Thalagaha Kuruduwatta
1302,Kavishka st,Milidduwa Magalle
1301,Abaya st,Ovilana Labuduwa
1300,New C.D st,Ovilana Labuduwa
1299,M.W.T.K st,Ovilana Labuduwa
1298,Priyantha st,Nagoda Unanvitiya
1297,Senur i st,Nagoda Unanvitiya
1296,Lakshan st,Nagoda Unanvitiya
1295,Midigaspe st,Kottawa Yatalamatta
1294,Pinnaduwa st,Kottawa Yatalamatta
1293,Udara st,Kottawa Yatalamatta
1292,W.H.P. T / R,Dangedara  Elliot Road
1291,Godikawaththa st,Yatalamattha Banbarapura
1290,Gamage st 2,Yatalamattha Banbarapura
1289,Shantha st,Yatalamattha Banbarapura
1288,Wasantha st,Yatalamattha Banbarapura
1287,Rathnasiri st,Wanduramba Ovilana
1286,Kumudu st,Thalagaha Kuruduwatta
1285,G.W st,Thalagaha Kuruduwatta
1284,Ajith st,Thalagaha Kuruduwatta
1283,Ovilana st,Thalagaha Kuruduwatta
1282,Dilshan st,Thalagaha Kuruduwatta
1281,Karapitiya pc,Ovilana Labuduwa
1280,Hatton st,Ovilana Labuduwa
1279,Yasiru st,Ovilana Labuduwa
1278,Chandana st,Ovilana Labuduwa
1277,Sachini st,Nagoda Unanvitiya
1276,Wasana st,Yatalamattha Banbarapura
1275,Colomba kade,Yatalamattha Banbarapura
1274,Raweena st,Yatalamattha Banbarapura
1273,Wikkramanayaka st,Yatalamattha Banbarapura
1272,Wasana bekari,Yatalamattha Banbarapura
1271,Janahitha hottel,Thalagaha Kuruduwatta
1270,Owitawaththa st,Thalagaha Kuruduwatta
1269,Kulasingha st,Thalagaha Kuruduwatta
1268,Lakshan st,Thalagaha Kuruduwatta
1267,Suranga st,Thalagaha Kuruduwatta
1266,Lakmal Hotel,Narawala  Ambalanwatta
1265,Asanka Hotel,Narawala  Ambalanwatta
1264,Milan st,Yatalamattha Banbarapura
1263,Tilina st,Yatalamattha Banbarapura
1262,Jayatilaka st,Yatalamattha Banbarapura
1261,Dimuthu st,Yatalamattha Banbarapura
1260,Rohana st,Yatalamattha Banbarapura
1259,Suranga st,Kottawa Yatalamatta
1258,W.H.G st,Kottawa Yatalamatta
1257,Priyantha st,Kottawa Yatalamatta
1256,Rathna st 2,Kottawa Yatalamatta
1255,Tilaka st,Kottawa Yatalamatta
1254,Anurada st 2,Wanduramba Ovilana
1253,Saman st,Wanduramba Ovilana
1252,W eerasingha st,Wanduramba Ovilana
1251,Hamsa Gr.,Kithulampitiya Karapitiya
1250,Vijaya st,Ovilana Labuduwa
1249,Weenas st,Ovilana Labuduwa
1248,Sunil st,Nagoda Unanvitiya
1247,Janith hotel,Nagoda Unanvitiya
1246,Athapaththu st,Nagoda Unanvitiya
1245,Paranawaththa st,Nagoda Unanvitiya
1244,Colombo st,Nagoda Unanvitiya
1243,Wenuri st,Kottawa Yatalamatta
1242,Shakthi st,Kottawa Yatalamatta
1241,Vithana st-Bovitiyamulla,Kottawa Yatalamatta
1240,Chamara st,Kottawa Yatalamatta
1239,Bambaramulla st,Kottawa Yatalamatta
1238,Darshana st,Kottawa Yatalamatta
1237,Ihalamulla st,Kottawa Yatalamatta
1236,Vithana st-Naththewela,Kottawa Yatalamatta
1235,Vithana st,Kottawa Yatalamatta
1234,Chamodhi st,Kottawa Yatalamatta
1233,Amarasingha st,Kottawa Yatalamatta
1232,Sheela st,Kottawa Yatalamatta
1231,Sameera st,Kottawa Yatalamatta
1230,Sarath st,Kottawa Yatalamatta
1229,Jayasekara st,Kottawa Yatalamatta
1228,Lariru st,Kottawa Yatalamatta
1227,Priyantha st,Kuruduwatta  Bataduwa
1226,Chamara st,Yatalamattha Banbarapura
1225,Jagath st,Yatalamattha Banbarapura
1224,I V Hills tea factory,Yatalamattha Banbarapura
1223,Bandula st,Yatalamattha Banbarapura
1222,Co-op shop-nakiyadeniya,Yatalamattha Banbarapura
1221,Tea shakt hi st,Yatalamattha Banbarapura
1220,Ovilana st,Wanduramba Ovilana
1219,Chandana st,Wanduramba Ovilana
1218,W.H.U st,Wanduramba Ovilana
1217,Sumudu st,Wanduramba Ovilana
1216,Milk bar,Wanduramba Ovilana
1215,H.N.J st,Wanduramba Ovilana
1214,Albut st,Wanduramba Ovilana
1213,Dewmini st,Wanduramba Ovilana
1212,Chamidu st,Kuruduwatta Kottawa
1211,Vijaya st,Thalagaha Kuruduwatta
1210,Athukorala st,Thalagaha Kuruduwatta
1209,S.H.A st,Thalagaha Kuruduwatta
1208,Ravee st,Thalagaha Kuruduwatta
1207,Thilina st,Thalagaha Kuruduwatta
1206,Elawalu kade,Ovilana Labuduwa
1205,Gamage st 1,Ovilana Labuduwa
1204,Sesatha st,Ovilana Labuduwa
1203,M.R.M. St,Milidduwa Magalle
1202,Rice Gr.,Milidduwa Magalle
1201,Rathnayaka Hotel,Milidduwa Magalle
1200,Avishka st,Milidduwa Magalle
1199,P.L st,Nagoda Unanvitiya
1198,D.A.T. st,Nagoda Unanvitiya
1197,Sudara st,Nagoda Unanvitiya
1196,Udara st,Nagoda Unanvitiya
1195,Chaminda st,Narawala  Ambalanwatta
1194,Araliya st,Kottawa Yatalamatta
1193,Singhagiri st,Kottawa Yatalamatta
1192,Himali st,Kottawa Yatalamatta
1191,Okrathna st,Kottawa Yatalamatta
1190,Prabhath st,Kottawa Yatalamatta
1189,Co-op city,Kottawa Yatalamatta
1188,Lakshitha st,Kottawa Yatalamatta
1187,Janahitha st,Kottawa Yatalamatta
1186,Hewage st,Kottawa Yatalamatta
1185,Amitha st,Kottawa Yatalamatta
1184,Gagana st,Yatalamattha Banbarapura
1183,Janaka st,Yatalamattha Banbarapura
1182,Wijaya st,Yatalamattha Banbarapura
1181,Sunil st-rukmalgoda,Yatalamattha Banbarapura
1180,Sunil st-yatalamaththa,Yatalamattha Banbarapura
1179,Sunil st,Yatalamattha Banbarapura
1178,Rukmal st,Yatalamattha Banbarapura
1177,Hansagiri st,Yatalamattha Banbarapura
1176,Raja st,Yatalamattha Banbarapura
1175,Co-op city-udalamaththa,Yatalamattha Banbarapura
1174,Amara st 1,Wanduramba Ovilana
1173,Indrani st,Wanduramba Ovilana
1172,Amaradasa st,Wanduramba Ovilana
1171,Deurangi st,Wanduramba Ovilana
1170,Gonamulla Gr.,Kuruduwatta Kottawa
1169,Lahiru st,Kuruduwatta Kottawa
1168,Anura st-pitadeniya,Thalagaha Kuruduwatta
1167,Pathiraja st,Thalagaha Kuruduwatta
1166,Godakanda st,Thalagaha Kuruduwatta
1165,Upul st,Thalagaha Kuruduwatta
1164,Sriyalatha st,Thalagaha Kuruduwatta
1163,Mahimi st,Thalagaha Kuruduwatta
1162,M.K.G.C ST,Thalagaha Kuruduwatta
1161,Nandana st,Ovilana Labuduwa
1160,Priyantha st,Ovilana Labuduwa
1159,Priyanka st-talagaha,Ovilana Labuduwa
1158,Gunadasa st,Ovilana Labuduwa
1157,Kodithuwakku st,Ovilana Labuduwa
1156,S.N Gr.,Milidduwa Magalle
1155,Sena st,Nagoda Unanvitiya
1154,Sewana st,Nagoda Unanvitiya
1153,Jayasekara st,Nagoda Unanvitiya
1152,Sigiri hottel,Nagoda Unanvitiya
1151,Jayaweera st,Nagoda Unanvitiya
1150,Sajith st,Nagoda Unanvitiya
1149,Jagoda st,Nagoda Unanvitiya
1148,Hilmiya Gr.,Narawala  Ambalanwatta
1147,Suhada st,Kottawa Yatalamatta
1146,Wasantha st,Kottawa Yatalamatta
1145,Mahinda st,Kottawa Yatalamatta
1144,Anura st,Kottawa Yatalamatta
1143,Rasika st,Kottawa Yatalamatta
1142,Sirimanna st,Kottawa Yatalamatta
1141,Sisila st,Kottawa Yatalamatta
1140,Madushan trade senter,Kottawa Yatalamatta
1139,Ramani st,Kottawa Yatalamatta
1138, Suhada st,Kottawa Yatalamatta
1137,Shan st,Kottawa Yatalamatta
1136,Chandra st,Kottawa Yatalamatta
1135,Tapal kade,Kottawa Yatalamatta
1134,Kanthoruwatta st,Kottawa Yatalamatta
1133,Nilani st,Kottawa Yatalamatta
1132,Sahas st,Kottawa Yatalamatta
1131,Kumara st,Kottawa Yatalamatta
1130,Piyathilaka st,Kottawa Yatalamatta
1129,Rohana st,Kottawa Yatalamatta
1128,RAthna st,Kottawa Yatalamatta
1127,Sasika st,Kottawa Yatalamatta
1126,Sooriarachchi st,Kottawa Yatalamatta
1125,S.H st,Kottawa Yatalamatta
1124,Gamage st,Kottawa Yatalamatta
1123,Priyangika st,Kottawa Yatalamatta
1122,Abebandu st,Kottawa Yatalamatta
1121,M.D st,Kottawa Yatalamatta
1120,Vvijaya st,Kottawa Yatalamatta
1119,Thilina com.,Kuruduwatta  Bataduwa
1118,Priyankara st,Yatalamattha Banbarapura
1117,Gunawardana st,Yatalamattha Banbarapura
1116,Paranawaththa st,Yatalamattha Banbarapura
1115,Taranga st,Yatalamattha Banbarapura
1114,Sarawikrama st,Yatalamattha Banbarapura
1113,L.S.B st,Yatalamattha Banbarapura
1112,Sumanapala st,Yatalamattha Banbarapura
1111,Adiswaththa st,Yatalamattha Banbarapura
1110,Saman st -yatalamaththa,Yatalamattha Banbarapura
1109,Priyantha st,Yatalamattha Banbarapura
1108,Balagoda st,Yatalamattha Banbarapura
1107,Sugath st,Yatalamattha Banbarapura
1106,Vijesiri st,Yatalamattha Banbarapura
1105,Chandana pharmacy,Yatalamattha Banbarapura
1104,Gamage st,Yatalamattha Banbarapura
1103,Ananda st,Yatalamattha Banbarapura
1102,Lakshan st,Yatalamattha Banbarapura
1101,Pradeep st,Yatalamattha Banbarapura
1100,Oshini st,Wanduramba Ovilana
1099,Oshini st,Ovilana Labuduwa
1098,W.H.G st,Wanduramba Ovilana
1097,Dayas st,Wanduramba Ovilana
1096,Weerathunga st,Wanduramba Ovilana
1095,Elawalu kade,Wanduramba Ovilana
1094,Vijitha st,Wanduramba Ovilana
1093,P.L st,Wanduramba Ovilana
1092,Uthpala st,Wanduramba Ovilana
1091,Priyantha st 2,Wanduramba Ovilana
1090,Mihikata st,Wanduramba Ovilana
1089,Aberathna st,Wanduramba Ovilana
1088,Sisira st,Wanduramba Ovilana
1087,Deegoda st,Thalagaha Kuruduwatta
1086,Sumanadasa st,Thalagaha Kuruduwatta
1085,Sadun st,Thalagaha Kuruduwatta
1084,Ajantha st,Thalagaha Kuruduwatta
1083,W.H.D st,Thalagaha Kuruduwatta
1082,Palaturu kade,Ovilana Labuduwa
1081,Udara st,Ovilana Labuduwa
1080,Athula st,Ovilana Labuduwa
1079,W.K.Gunathilaka st,Ovilana Labuduwa
1078,Lakmali st,Ovilana Labuduwa
1077,Punsiri st,Ovilana Labuduwa
1076,Damith st,Ovilana Labuduwa
1075,Atapattu st,Milidduwa Magalle
1074,Vijitha st,Kottawa Yatalamatta
1073,P.L. st,Kottawa Yatalamatta
1072,Dilsada st,Kottawa Yatalamatta
1071,Deepal st,Kottawa Yatalamatta
1070,Priyanka st,Kottawa Yatalamatta
1069,Tharanga st,Kottawa Yatalamatta
1068,Thilina st,Kottawa Yatalamatta
1067,Vijaya st,Kuruduwatta  Bataduwa
1066,Manudi st,Kuruduwatta  Bataduwa
1065,N.W.G. st,Kuruduwatta  Bataduwa
1064,Meshin kade,Yatalamattha Banbarapura
1063,Jagoda st,Yatalamattha Banbarapura
1062,Rathna st,Dangedara  Elliot Road
1061,Leeds canteen,Dangedara  Elliot Road
1059,Ranmenika food city Talgampala,Kuruduwatta Kottawa
1058,Samaranayaka st - Kibiya,Wanduramba Ovilana
1057,Wickamanayaka st,Wanduramba Ovilana
1056,Raja st,Wanduramba Ovilana
1055,Thilona st,Wanduramba Ovilana
1054,Janaka st,Wanduramba Ovilana
1053,Ananda st 2,Wanduramba Ovilana
1052,Sampath st,Wanduramba Ovilana
1051,Tea shakthi,Wanduramba Ovilana
1050,Kapila st,Wanduramba Ovilana
1049,Santha st,Wanduramba Ovilana
1048,Wasantha st,Wanduramba Ovilana
1047,Ambawatta st,Wanduramba Ovilana
1046,Wenuri st,Wanduramba Ovilana
1045,Lakmali cafe,Other Custermer
1044,Ella st,Thalagaha Kuruduwatta
1043,T.V.K st,Thalagaha Kuruduwatta
1042,Liyanage st-pitadeniya,Thalagaha Kuruduwatta
1041,Sakura st,Thalagaha Kuruduwatta
1040,Wasana st,Thalagaha Kuruduwatta
1039,Anura st,Thalagaha Kuruduwatta
1038,K.A.G st,Ovilana Labuduwa
1037,W.H.G st,Ovilana Labuduwa
1036,Shantha st,Ovilana Labuduwa
1035,S.H.A st,Ovilana Labuduwa
1034,Rath jumbogaha st,Ovilana Labuduwa
1033,Karunapala st,Ovilana Labuduwa
1032,Gamage st 2,Ovilana Labuduwa
1031,Sampath st-talagaha,Ovilana Labuduwa
1030,Rawee st,Ovilana Labuduwa
1029,Lional Hotel,Narawala  Ambalanwatta
1028,Nugagahawaththa st,Nagoda Unanvitiya
1027,Sisira st,Nagoda Unanvitiya
1026,Kumarasiri st,Nagoda Unanvitiya
1025,Nagahawatta st,Yatalamatta bandarapura
1024,Liyanage st-Nagoda,Nagoda Unanvitiya
1023,Pathma st,Nagoda Unanvitiya
1022,Sugath st 2,Nagoda Unanvitiya
1021,Shakthi st,Nagoda Unanvitiya
1020,Jayasekara st 1,Kottwa Yatalamatta
1019,Tapal kade,Kottwa Yatalamatta
1018,DAmith st,Kottwa Yatalamatta
1017,D.W st,Kottawa Yatalamatta
1016,Nilmini st,Kottwa Yatalamatta
1015,Amarasingha st,Kottwa Yatalamatta
1014,Jayaweera st,Kottwa Yatalamatta
1013,Jayasekara st,Kottwa Yatalamatta
1012,Lashan st,Kottwa Yatalamatta
1011,Piyatilaka st,Kottwa Yatalamatta
1010,Lahiru st,Kottwa Yatalamatta
1009,Okrathna st,Kottwa Yatalamatta
1008,Sisira st,Kottwa Yatalamatta
1007,Dilsada st,Kottwa Yatalamatta
1006,Eranga st,Kottwa Yatalamatta
1005,Siripala st,Yatalamatta bandarapura
1004,Chandani st,Yatalamatta bandarapura
1003,Pasindu st,Yatalamatta bandarapura
1002,Priyankara st,Yatalamatta bandarapura
1001,Sandya st,Yatalamatta bandarapura
1000,Priyangika st,Yatalamatta bandarapura
999,Vidura st,Yatalamatta bandarapura
998,Nilanthi st,Kuruduwatta Kottawa
997,Sanuri st,Thalagaha Kuruduwatta
996,W.H.G st,Thalagaha Kuruduwatta
995,N.J.S st,Thalagaha Kuruduwatta
994,Priyanta st-kubukgaha,Wanduramba Ovilana
993,Isuri st,Wanduramba Ovilana
992,Amarasena st 2,Wanduramba Ovilana
991,Manujaya st,Wanduramba Ovilana
990,Liyanagama st,Wanduramba Ovilana
989,Vineeta st,Wanduramba Ovilana
988,Senewirathna st,Wanduramba Ovilana
987,Buddika st,Wanduramba Ovilana
986,Amarasena st,Wanduramba Ovilana
985,Kumari st,Wanduramba Ovilana
984,Ananda st,Wanduramba Ovilana
983,Sisila st,Wanduramba Ovilana
982,Mims pharmacy,Wanduramba Ovilana
981,Denujaya st,Wanduramba Ovilana
980,Udara hottel,Wanduramba Ovilana
979,Amara st,Wanduramba Ovilana
978,Kalpa st,Wanduramba Ovilana
977,Siri st,Wanduramba Ovilana
976,PRasanna st,Thalagaha Kuruduwatta
975,Samurdi st,Thalagaha Kuruduwatta
974,K.G.P st,Thalagaha Kuruduwatta
973,W.G.S st,Thalagaha Kuruduwatta
972,Kelum st,Thalagaha Kuruduwatta
971,Sarath st,Thalagaha Kuruduwatta
970,Ivyhills Tea factory,Yatalamatta bandarapura
969,Pathiraja st,Ovilana Labuduwa
968,Mahimi st,Ovilana Labuduwa
967,Jayawardana,Ovilana Labuduwa
966,Bo-sewana food city,Nagoda Unanvitiya
965,Ishara st,Nagoda Unanvitiya
964,D.M.Gamage st,Nagoda Unanvitiya
963,Rathnavila st,Nagoda Unanvitiya
962,Sarath st,Nagoda Unanvitiya
961,Manelsiri st,Nagoda Unanvitiya
960,Asiri st 2,Nagoda Unanvitiya
959,Amila st 2,Nagoda Unanvitiya
958,Kumara hottel,Nagoda Unanvitiya
957,WAsanti st,Nagoda Unanvitiya
956,Vitana st-bovitiyamulla,Kottwa Yatalamatta
955,Milan st,Kottwa Yatalamatta
954,Chandana st- talawa,Kottawa Yatalamatta
953,Vitana st 2,Kottwa Yatalamatta
952,Sarath st,Kottwa Yatalamatta
951,Sigiri hottel,Kottwa Yatalamatta
950,WItana st-wanduramba,Kottwa Yatalamatta
949,Lakshan st,Kottawa Yatalamatta
948,Chandana -kottawa,Kottwa Yatalamatta
947,Binudi st,Dangedara  Elliot Road
946,Bandula st,Yatalamatta bandarapura
945,Wenuri st,Yatalamatta bandarapura
944,Lal st-Unanvitiya,Yatalamatta bandarapura
943,Suneth st,Yatalamatta bandarapura
942,Janaka st,Yatalamatta bandarapura
941,Samarawikkrama st,Yatalamatta bandarapura
940,Lal st,Yatalamattha Banbarapura
939,Liyanage-unanvitiya,Yatalamattha Banbarapura
938,Sunil-Yatalamatta,Yatalamatta bandarapura
937,Saman-Yatalamatta,Yatalamatta bandarapura
936,Mashin kade,Yatalamattha Banbarapura
935,Uthpala st,Yatalamatta bandarapura
934,Shakthi st,Yatalamatta bandarapura
933,Muthu Gr.,Dangedara  Elliot Road
932,Guruge st,Wanduramba Ovilana
931,Nadeesha st,Wanduramba Ovilana
930,Bandu st,Wanduramba Ovilana
929,Liyanabandu st,Wanduramba Ovilana
928,Danushka st,Wanduramba Ovilana
927,Kalansooriya st,Wanduramba Ovilana
926,Samaranayaka st - kirindahena,Wanduramba Ovilana
925,Nanayakkara 2 st,Wanduramba Ovilana
924,Anurada st,Wanduramba Ovilana
923,Paranawaththa st,Wanduramba Ovilana
922,Taruka stores,Thalagaha Kuruduwatta
921,SAndun stores,Thalagaha Kuruduwatta
920,Maduranga stores,Thalagaha Kuruduwatta
919,Harith stores,Thalagaha Kuruduwatta
918,Patirana stores,Thalagaha Kuruduwatta
917,Galpata stores,Thalagaha Kuruduwatta
916,Susiri stores,Thalagaha Kuruduwatta
915,Nuwan stores,Thalagaha Kuruduwatta
914,Ranatunga stores,Thalagaha Kuruduwatta
913,P.v.c stores,Thalagaha Kuruduwatta
912,K M D st,Ovilana Labuduwa
911,M D S,Ovilana Labuduwa
910,Isura st,Ovilana Labuduwa
909,Janappriya,Ovilana Labuduwa
908,Sulalita Hotel,Ovilana Labuduwa
907,Janahita Hotel,Ovilana Labuduwa
906,K D C,Ovilana Labuduwa
905,Sky world B/S,Milidduwa Magalle
904,Medicare Ph.,Narawala  Ambalanwatta
903,Sawsiri st,Dangedara  Elliot Road
902,Rohini st,Milidduwa Magalle
901,Chaminda st,Kuruduwatta  Bataduwa
900,Baby Center,Kuruduwatta  Bataduwa
899,Himali st,Kuruduwatta Kottawa
898,Kulathunga st,Kuruduwatta Kottawa
897,Ayesh st,Kuruduwatta Kottawa
896,Palathuru kade,Nagoda Unanvitiya
895,Siri st,Nagoda Unanvitiya
894,Bandula st,Nagoda Unanvitiya
893,Pulasthi st,Nagoda Unanvitiya
892,Rajasinghe st,Kottwa Yatalamatta
891,Suhada st,Kottwa Yatalamatta
890,Dilsara st,Kottawa Yatalamatta
889,Sisila st,Kottwa Yatalamatta
888,Hewage st,Kottwa Yatalamatta
887,Ruwan st,Kottawa Yatalamatta
886,Sameera st,Kottwa Yatalamatta
885,Saman st,Kottawa Yatalamatta
884,Narangoda st,Kottawa Yatalamatta
883,Samanthi st,Kottawa Yatalamatta
882,Kapila st,Kottawa Yatalamatta
881,Chamadi st,Kottwa Yatalamatta
880,Sampath,Kottawa Yatalamatta
879,Sithumina st,Kottwa Yatalamatta
878,Amarasena st,Kottawa Yatalamatta
877,Wasantha st,Kuruduwatta  Bataduwa
876,Shaluka Gr,Milidduwa Magalle
875,S.Dahanayaka st,Kuruduwatta  Bataduwa
874,Highland Gr.,Kuruduwatta  Bataduwa
873,Karunajeewa st,Dangedara  Elliot Road
872,Lankathilaka st,Ovilana Labuduwa
871,Kumudu st,Ovilana Labuduwa
870,Tharanga st,Thalagaha Kuruduwatta
869,Seven cool spot,Ovilana Labuduwa
868,Suranga Hotel,Ovilana Labuduwa
867,T.P.st,Ovilana Labuduwa
866,Priyanka st,Ovilana Labuduwa
865,D.G.st,Ovilana Labuduwa
864,Ambagahawatta st,Nagoda Unanvitiya
863,Pasindu st,Milidduwa Magalle
862,Hema st,Nagoda Unanvitiya
861,Sampath st,Nagoda Unanvitiya
860,Budusarana kade,Yatalamatta bandarapura
859,Pathmasiri st,Nagoda Unanvitiya
858,Amila st,Nagoda Unanvitiya
857,Indu Lanka,Nagoda Unanvitiya
856,Kumarage st,Nagoda Unanvitiya
855,G.K.P. st,Nagoda Unanvitiya
854,Elawalu kade,Nagoda Unanvitiya
853,Kariyawasam st,Nagoda Unanvitiya
852,Sanka com.,Dangedara  Elliot Road
851,Co-op Curculer Road,Milidduwa Magalle
850,Jagath st,Kuruduwatta  Bataduwa
849,Priyangika st,Kuruduwatta  Bataduwa
848,Lakmal st,Yatalamatta bandarapura
847,Vijeshama st,Yatalamatta bandarapura
846,Co-op Udalamatta,Yatalamatta bandarapura
845,Tharanga st,Yatalamatta bandarapura
844,M.R. Tree st,Dangedara  Elliot Road
843,Arachchi st,Nagoda Unanvitiya
842,N A T st,Thalagaha Kuruduwatta
841,Kariyawasam st,Thalagaha Kuruduwatta
840,D mart,Thalagaha Kuruduwatta
839,Lahiru st,Thalagaha Kuruduwatta
838,Peduru st,Thalagaha Kuruduwatta
837,Smart shop,Thalagaha Kuruduwatta
836,Rasika st,Thalagaha Kuruduwatta
835,Binuri st,Nagoda Unanvitiya
834,Janaka st,Nagoda Unanvitiya
833,Nishantha st,Nagoda Unanvitiya
832,Jansan t /r,Nagoda Unanvitiya
831,Shriyalatha st,Nagoda Unanvitiya
830,Rathnasiri st,Nagoda Unanvitiya
829,Shriyani Hotel,Nagoda Unanvitiya
828,Dayawansa st,Nagoda Unanvitiya
827,Godakanda st,Nagoda Unanvitiya
826,J.K.P st,Nagoda Unanvitiya
825,Liyanage st,Nagoda Unanvitiya
824,Nawala kade,Nagoda Unanvitiya
823,T.L.P. st,Nagoda Unanvitiya
822,Badunwatta st,Nagoda Unanvitiya
821,Shama st,Nagoda Unanvitiya
820,Jayabima st,Nagoda Unanvitiya
819,Darshana st,Kottwa Yatalamatta
818,Shakthi st,Kottwa Yatalamatta
817,Rajasinghe st,Yatalamatta bandarapura
816,Disara st,Kottwa Yatalamatta
815,Amith st,Kottwa Yatalamatta
814,Madushan st,Kottawa Yatalamatta
813,Kanthoru kade,Kottwa Yatalamatta
812,Amila st,Kottawa Yatalamatta
811,Sadaruwan st,Kottawa Yatalamatta
810,Sahas st,Kottwa Yatalamatta
809,Mabotuwana st,Kottwa Yatalamatta
808,Deepa st,Kottwa Yatalamatta
807,S.H. st,Kottwa Yatalamatta
806,Babaramulla st,Kottwa Yatalamatta
805,Co-op Kottawa,Kottwa Yatalamatta
804,Wijewardana st,Kottawa Yatalamatta
803,Prabath st,Kottwa Yatalamatta
802,Vijesena st,Kottwa Yatalamatta
801,Priyanthi st,Narawala  Ambalanwatta
800,W.L.D. st,Dangedara  Elliot Road
799,Chinthaka st,Yatalamatta bandarapura
798,Lithum st,Yatalamattha Banbarapura
797,Kolamba kade,Yatalamatta bandarapura
796,Batuwanthudawa st,Yatalamattha Banbarapura
795,Korale kade,Yatalamattha Banbarapura
794,Pahe kade,Yatalamattha Banbarapura
793,Gunawardana st,Yatalamatta bandarapura
792,Shantha st,Yatalamatta bandarapura
791,K.G.Priyantha st,Yatalamatta bandarapura
790,W.K.P. st,Yatalamatta bandarapura
789,South Tr.,Milidduwa Magalle
788,Malithi st,Dangedara  Elliot Road
787,Nanayakkara st,Kuruduwatta Kottawa
786,Sriyalatha st,Kuruduwatta Kottawa
785,Paragahawatta st,Kuruduwatta  Bataduwa
784,P.R.H. Ravindu st,Dangedara  Elliot Road
783,A.L.M.st,Dangedara  Elliot Road
782,Crystal Pharmacy,Kithulampitiya Karapitiya
781,Kirana Hotel,Kuruduwatta Kottawa
780,Chandrasena st,Milidduwa Magalle
779,Sudath st,Milidduwa Magalle
778,Priyanka G/ M,Milidduwa Magalle
777,Wickrama st,Yatalamatta bandarapura
776,Nethmina st,Yatalamattha Banbarapura
775,Sumanagala st,Yatalamatta bandarapura
774,Galagoda Kade,Yatalamatta bandarapura
773,Adiswaththa st,Yatalamatta bandarapura
772,Pathinayaka st,Yatalamatta bandarapura
771,Rukmal st,Yatalamatta bandarapura
770,Priyanga st,Yatalamatta bandarapura
769,Dayani st,Yatalamattha Banbarapura
768,Godikewaththa st,Yatalamatta bandarapura
767,Dilsara st,Yatalamatta bandarapura
766,Amaradasa st,Yatalamatta bandarapura
765,Dayas st,Kottawa Yatalamatta
764,Kumudu st,Yatalamatta bandarapura
763,Ruwan st,Yatalamatta bandarapura
762,Mnujaya st,Yatalamatta bandarapura
761,Liyanagama st,Yatalamatta bandarapura
760,Wineetha st,Yatalamatta bandarapura
759,Wikramanayaka st,Yatalamatta bandarapura
758,Thilona st,Yatalamatta bandarapura
757,Weerathunga st,Yatalamatta bandarapura
756,Chandrasiri st,Yatalamatta bandarapura
755,Nandasiri st,Yatalamatta bandarapura
753,Nagahawaththa st,Yatalamatta bandarapura
752,Senevirathna st,Yatalamatta bandarapura
751,Haton st,Yatalamatta bandarapura
750,Mayakaduwa st,Kuruduwatta Kottawa
749,Shanthi st,Kuruduwatta Kottawa
748,K.G.P. Gr,Kuruduwatta Kottawa
747,Kavindya st,Kuruduwatta Kottawa
746,Harith st,Kuruduwatta Kottawa
745,Sandu Com.,Kuruduwatta Kottawa
744,Mahimi Hotel,Kuruduwatta Kottawa
743,Ovilana st,Ovilana Labuduwa
742,Sadaruwan st,Ovilana Labuduwa
741,Saniru st,Ovilana Labuduwa
740,Malani st,Ovilana Labuduwa
739,Hasitha st,Ovilana Labuduwa
738,R.A.G.st,Ovilana Labuduwa
737,L.G.S st,Ovilana Labuduwa
736,Suwaneth Pharmecy,Ovilana Labuduwa
735,Kahada st,Ovilana Labuduwa
734,Gunawardana st,Ovilana Labuduwa
733,Ananda st,Milidduwa Magalle
732,Rathna st 2,Kottwa Yatalamatta
731,Rathna st,Kottwa Yatalamatta
730,Oberathna st,Kottwa Yatalamatta
729,Chandana st,Kottawa Yatalamatta
728,Janahitha st,Kottwa Yatalamatta
727,Ihalamala st,Kottwa Yatalamatta
726,Abebandu st,Kottwa Yatalamatta
725,Disna st,Kottwa Yatalamatta
724,Mahinda st,Kottwa Yatalamatta
723,Vithana st,Kottwa Yatalamatta
722,Vijaya st,Kottwa Yatalamatta
721,Niroshi st,Kottwa Yatalamatta
720,Wijaya st,Kuruduwatta  Bataduwa
719,Amal Hotel,Kuruduwatta  Bataduwa
718,Wijesekara st,Kuruduwatta  Bataduwa
717,K.D st,Kuruduwatta  Bataduwa
716,Dulmina st,Kuruduwatta  Bataduwa
715,N.S. st,Kuruduwatta  Bataduwa
714,Rathna st,Kuruduwatta  Bataduwa
713,Manori st,Dangedara  Elliot Road
712,Ravindu Grocery,Dangedara  Elliot Road
711,Senanayaka st,Dangedara  Elliot Road
710,Vishaka st,Wanduramba Ovilana
709,Upul st,Wanduramba Ovilana
708,Hetton st,Wanduramba Ovilana
707,Nimali st,Thalagaha Kuruduwatta
706,Dimuthu st,Thalagaha Kuruduwatta
705,T V C St,Thalagaha Kuruduwatta
704,Sadana st,Thalagaha Kuruduwatta
703,Gamage,Thalagaha Kuruduwatta
702,Jayawardana st,Thalagaha Kuruduwatta
701,Luckey st,Thalagaha Kuruduwatta
700,Samanst,Thalagaha Kuruduwatta
699,Samantha st,Thalagaha Kuruduwatta
698,Siriwardana st,Thalagaha Kuruduwatta
697,Athula st,Thalagaha Kuruduwatta
696,Priyantha,Thalagaha Kuruduwatta
695,Nandana st,Thalagaha Kuruduwatta
694,Isara trade Center,Thalagaha Kuruduwatta
693,Anura st,Ovilana Labuduwa
692,Wanigasekara st,Ovilana Labuduwa
691,Jayasinha st,Ovilana Labuduwa
690,Chaminda st,Ovilana Labuduwa
689,Vipula st,Ovilana Labuduwa
688,Nimal St,Ovilana Labuduwa
687,Palamagawa Kade,Ovilana Labuduwa
686,K A G Mobile,Ovilana Labuduwa
685,Ranjani St,Ovilana Labuduwa
684,Tilaka st,Ovilana Labuduwa
683,Piyal st,Ovilana Labuduwa
682,Rehana st,Ovilana Labuduwa
681,L G S St,Ovilana Labuduwa
680,Sasarika st,Thalagaha Kuruduwatta
679,B. A St,Ovilana Labuduwa
678,Achini Kade,Ovilana Labuduwa
677,Kumarasiri st,Ovilana Labuduwa
676,Pathirana st,Ovilana Labuduwa
675,Chamara st,Ovilana Labuduwa
674,Jaya st,Milidduwa Magalle
673,Nalani st,Milidduwa Magalle
672,Sisira st,Milidduwa Magalle
671,Ruhunu Hospital,Kithulampitiya Karapitiya
670,Nishantha fruit shop,Milidduwa Magalle
669,S.L.W. Hotel,Milidduwa Magalle
668,Wasana st,Nagoda Unanvitiya
667,Kapila st,Nagoda Unanvitiya
666,Sooriyarachchi st,Nagoda Unanvitiya
665,Apa st -kapiliyagoda,Nagoda Unanvitiya
664,Aruna st,Nagoda Unanvitiya
663,Asiri st,Nagoda Unanvitiya
662,Wijethilaka st,Nagoda Unanvitiya
661,Anagi com.,Nagoda Unanvitiya
660,Sriyani Hotel,Nagoda Unanvitiya
659,Mahinda st,Nagoda Unanvitiya
658,Co-op Nagoda,Nagoda Unanvitiya
657,Muthugoda st,Nagoda Unanvitiya
656,Bonee Hotel,Nagoda Unanvitiya
655,Ruwan st,Nagoda Unanvitiya
654, D.M.Gamage st,Nagoda Unanvitiya
653,Nandika st,Nagoda Unanvitiya
652,Magahena st,Nagoda Unanvitiya
651,Shanthi Hotel,Nagoda Unanvitiya
650,Bath kade,Nagoda Unanvitiya
649,Co-op Udavalivitiya,Nagoda Unanvitiya
648,Gunawardana st,Nagoda Unanvitiya
647,Co-op Unanvitiya,Nagoda Unanvitiya
646,Deepal st,Nagoda Unanvitiya
645,Madushanka B/ S,Nagoda Unanvitiya
644,Gampaha st,Nagoda Unanvitiya
643,Epa st- Budapanagama,Nagoda Unanvitiya
642,Lakshitha st,Nagoda Unanvitiya
641,Sugath st,Nagoda Unanvitiya
640,Fruit shop,Nagoda Unanvitiya
639,Co-op Bovitiyamulla,Nagoda Unanvitiya
638,Co-op Kurupanawa,Nagoda Unanvitiya
637,Gunasekara Hotel,Nagoda Unanvitiya
636,Ashika T/ R,Nagoda Unanvitiya
635,Arunadisi st,Kuruduwatta  Bataduwa
634,Ileysinghe st,Kuruduwatta  Bataduwa
633,Peris st,Kuruduwatta  Bataduwa
632,Newsiri st,Kuruduwatta  Bataduwa
631,Araliya st,Kottwa Yatalamatta
630,Indika st,Kottawa Yatalamatta
629,Sooriyarachchi st,Kottwa Yatalamatta
628,Buddika st,Kottwa Yatalamatta
627,Sanjeewa st,Kottawa Yatalamatta
626,Suranga st,Kottwa Yatalamatta
625,Jayantha st,Kottwa Yatalamatta
624,W.G.S. st,Kottawa Yatalamatta
623,Bandula st,Kottawa Yatalamatta
622,Seela st,Kottwa Yatalamatta
621,Kumarasiri st,Kottawa Yatalamatta
620,Rasika st,Kottwa Yatalamatta
619,Ajith st,Kottawa Yatalamatta
618,Wasantha st,Kottwa Yatalamatta
617,Gamage st,Kottwa Yatalamatta
616,Co-op Naungala,Kottwa Yatalamatta
615,Himali st,Kottwa Yatalamatta
614,Sinhagiri st,Kottwa Yatalamatta
613,N.A.P. st,Kottwa Yatalamatta
612,Isuru st,Kottwa Yatalamatta
611,Wickramanayaka st,Yatalamatta bandarapura
610,Gagana st,Yatalamatta bandarapura
609,Sajith st,Yatalamattha Banbarapura
608,Kalum st,Yatalamatta bandarapura
607,Adiswatta st,Yatalamatta bandarapura
606,Sumanadasa st,Yatalamatta bandarapura
605,Sunil st,Yatalamatta bandarapura
604,Samantha st,Yatalamattha Banbarapura
603,Siriwardana st,Yatalamatta bandarapura
602,Jayathilaka st,Kottawa Yatalamatta
601,Priyanka st,Yatalamattha Banbarapura
600,Balagoda st,Yatalamatta bandarapura
599,Liyanage st,Yatalamattha Banbarapura
598,Saheli st,Yatalamatta bandarapura
597,Wasana Bake House,Yatalamattha Banbarapura
596,Sumudu st,Yatalamattha Banbarapura
595,Pradeep st,Yatalamatta bandarapura
594,Suhada st,Yatalamatta bandarapura
593,Charith st,Yatalamatta bandarapura
592,Thilaka st,Yatalamatta bandarapura
591,Chandima st,Yatalamatta bandarapura
590,Jagath st,Kottawa Yatalamatta
589,N.J.S. st,Yatalamatta bandarapura
588,Kodithuwakku st,Yatalamatta bandarapura
587,Dimuthu G/ M,Yatalamatta bandarapura
586,Saman st,Yatalamattha Banbarapura
585,Sisira st,Yatalamatta bandarapura
584,Ramani st,Yatalamatta bandarapura
583,Ashika st,Yatalamatta bandarapura
582,Madushani st,Yatalamatta bandarapura
581,Ananda st,Yatalamatta bandarapura
580,Vithana st,Yatalamattha Banbarapura
579,Raveena st,Yatalamatta bandarapura
578,Vijesiri st,Yatalamatta bandarapura
577,Raja st,Yatalamatta bandarapura
576,Samagi st,Yatalamattha Banbarapura
575,Candra Parmacy,Yatalamatta bandarapura
574,Sigiri Hotel,Yatalamatta bandarapura
573,Laksiri st,Yatalamattha Banbarapura
572,Wijitha Food Corner,Dangedara  Elliot Road
571,Prasanna st,Dangedara  Elliot Road
570,Chamara st,Dangedara  Elliot Road
569,Abdul Azees st,Dangedara  Elliot Road
568,Royal Parnacy,Dangedara  Elliot Road
567,Sumanadasa st,Kuruduwatta Kottawa
566,Sakura Traders,Kuruduwatta Kottawa
565,M.K.G.C. st,Kuruduwatta Kottawa
564,Maduranga st,Kuruduwatta Kottawa
563,Samagi Grocery,Kuruduwatta Kottawa
562,Sarath st,Kuruduwatta Kottawa
561,Kalyani st,Kuruduwatta Kottawa
560,Piyasena st,Kuruduwatta Kottawa
559,Sadun Grocery,Kuruduwatta Kottawa
558,Vihari st,Kuruduwatta Kottawa
557,Rasa Dahara st,Kuruduwatta Kottawa
556,Yapa st,Kuruduwatta Kottawa
555,K.K. st,Kuruduwatta Kottawa
554,Sajeewi G/ M,Kithulampitiya Karapitiya
553,Abesundara st,Kithulampitiya Karapitiya
552,Liyanage st,Kithulampitiya Karapitiya
551,Co-op Karapitiya,Kithulampitiya Karapitiya
550,New Lanka Pharmacy,Kithulampitiya Karapitiya
549,Lakruwan st,Milidduwa Magalle
548,Ransaru st,Milidduwa Magalle
547,Dammika st,Milidduwa Magalle
546,H.D.S. st,Milidduwa Magalle
545,Daya food,Milidduwa Magalle
544,Perera st,Kuruduwatta  Bataduwa
543,Nilton Hotel,Kuruduwatta  Bataduwa
542,Pan kade,Kuruduwatta  Bataduwa
541,Dayasiri st,Kuruduwatta  Bataduwa
540,Darmasena st,Kuruduwatta  Bataduwa
539,G.H.S. Priyantha,Kuruduwatta  Bataduwa
538,Premasiri st,Kuruduwatta  Bataduwa
537,Dasmika st,Kuruduwatta  Bataduwa
536,Priyadarshani st,Kuruduwatta  Bataduwa
535,Hiumi st,Kuruduwatta  Bataduwa
534,A.P.S. st,Kuruduwatta  Bataduwa
533,Gamage st,Yatalamatta bandarapura
532,Samantha's st,Kuruduwatta  Bataduwa
531,W.H.G. st - Hirigalkatiya,Other Custermer
530,Malwanna st,Dangedara  Elliot Road
529,B.H.S.Hotel,Dangedara  Elliot Road
528,V.T.M. Foods,Kithulampitiya Karapitiya
527,Bojunhala,Kithulampitiya Karapitiya
526,Thimira st,Kithulampitiya Karapitiya
525,M.R. st,Kithulampitiya Karapitiya
524,Abewickrama  food city (stores),Kithulampitiya Karapitiya
523,Liyanage st,Milidduwa Magalle
522,Hiru Commiunication,Milidduwa Magalle
521,Bavani st,Milidduwa Magalle
520,Eranda st,Milidduwa Magalle
519,K.M.D. st,Milidduwa Magalle
518,Dumindu Gr,Narawala  Ambalanwatta
517,A.R.M. st,Narawala  Ambalanwatta
515,Madushanka st,Kuruduwatta  Bataduwa
514,Bagya st,Kuruduwatta  Bataduwa
513,Govijanasewa shop,Kuruduwatta  Bataduwa
512,Ishara st,Kuruduwatta  Bataduwa
511,Victor st,Kuruduwatta  Bataduwa
510,Dilina st,Kuruduwatta  Bataduwa
509,Nadeeka Com.,Kuruduwatta  Bataduwa
508,Padmasiri Hotel,Kithulampitiya Karapitiya
507,Gayani St,Wanduramba Ovilana
506,Priyantha st,Wanduramba Ovilana
505,Remika St,Wanduramba Ovilana
504,Narawara St,Wanduramba Ovilana
503,Mallika st,Wanduramba Ovilana
502,K G S ST,Wanduramba Ovilana
501,Dewangi st,Wanduramba Ovilana
500,Karunadasa st,Wanduramba Ovilana
499,Lakshan Grocery,Wanduramba Ovilana
498,Sasantha st,Wanduramba Ovilana
497,Nimal st,Wanduramba Ovilana
496,Dilshan st,Wanduramba Ovilana
495,Liyanage St,Wanduramba Ovilana
494,Sujeewa St,Wanduramba Ovilana
493,Nanayakkara St,Wanduramba Ovilana
492,Gunadasa st,Dangedara  Elliot Road
491,Free Isues,Kuruduwatta  Bataduwa
490,Mr.Weerasinghe,Other Custermer
489,Kottawa Garment,Other Custermer
488,Anoma st,Kuruduwatta  Bataduwa
487,Ruhunu Farm Shop,Milidduwa Magalle
486,Ranjith st,Milidduwa Magalle
485,Dumindu st,Milidduwa Magalle
484,Nilanthi st,Milidduwa Magalle
483,Waruna Celluler,Milidduwa Magalle
482,L B U St,Milidduwa Magalle
481,Samith cafe,Milidduwa Magalle
480,Duminda,Dangedara  Elliot Road
479,Madanayaka,Kuruduwatta  Bataduwa
478,Sanjeeswa Hotel,Kithulampitiya Karapitiya
477,R S St,Dangedara  Elliot Road
476,Duminda,Kithulampitiya Karapitiya
475,Vihanga Hotel,Kithulampitiya Karapitiya
474,Dammala Kade,Dangedara  Elliot Road
473,Ananda Mini Mart,Dangedara  Elliot Road
472,Free Isues,Dangedara  Elliot Road
471,Ozon Food City,Dangedara  Elliot Road
470,Pansilu Fruits,Dangedara  Elliot Road
469,Semidale Enterprices,Dangedara  Elliot Road
468,Jifriya Hotel,Dangedara  Elliot Road
467,S.S Grocery,Dangedara  Elliot Road
466,Auro Book Shop,Dangedara  Elliot Road
465,Shantha cafe,Dangedara  Elliot Road
464,Free Isue,Kithulampitiya Karapitiya
463,Godadeniya st,Kuruduwatta Kottawa
462,Cafe Spicy,Kithulampitiya Karapitiya
461,K M D Cool sport,Kithulampitiya Karapitiya
460,Mudalige st,Kuruduwatta Kottawa
459,Free Isues,Kuruduwatta Kottawa
458,Jayanta st,Kithulampitiya Karapitiya
457,Manahara Food,Kithulampitiya Karapitiya
456,B K S St,Kithulampitiya Karapitiya
455,Lalani st,Kithulampitiya Karapitiya
454,Sakura Phamacy,Kithulampitiya Karapitiya
453,Alvitigala st,Kithulampitiya Karapitiya
452,Madura Cool,Kithulampitiya Karapitiya
451,R R M Traders,Kithulampitiya Karapitiya
450,Jayani Fruth Shop,Kithulampitiya Karapitiya
449,Nimal st,Milidduwa Magalle
448,Tilakarathna st,Milidduwa Magalle
447,Janaka Hotel,Milidduwa Magalle
446,S L W Grocery,Milidduwa Magalle
445,Kaduruwata st,Nagoda Unanvitiya
444,Free Isues,Narawala  Ambalanwatta
443,DUMINDA,Narawala  Ambalanwatta
442,L A J St,Thalagaha Kuruduwatta
441,Piyasena st,Thalagaha Kuruduwatta
440,Sandana St,Thalagaha Kuruduwatta
439,Jagath st,Thalagaha Kuruduwatta
438,Jayanthi st,Ovilana Labuduwa
437,Liyanage St,Thalagaha Kuruduwatta
436,Karunapala,Thalagaha Kuruduwatta
435,Weerasinghe St,Thalagaha Kuruduwatta
434,Indika St,Thalagaha Kuruduwatta
433,Rathjambugaha Kade,Thalagaha Kuruduwatta
432,Lucky st,Thalagaha Kuruduwatta
431,Sriwardana St,Thalagaha Kuruduwatta
430,Dinesh Book Shop,Thalagaha Kuruduwatta
429,Udara st,Thalagaha Kuruduwatta
428,H A S ST,Thalagaha Kuruduwatta
427,Shantha st,Thalagaha Kuruduwatta
426,Kahaduwa St,Ovilana Labuduwa
425,Dulana Pharmacy,Ovilana Labuduwa
424,Rohana st,Ovilana Labuduwa
423,Saman Fruit Shop,Ovilana Labuduwa
422,K L G St,Ovilana Labuduwa
421,Ronioni st,Ovilana Labuduwa
420,Madushan St,Ovilana Labuduwa
419,Bosewana Food City,Ovilana Labuduwa
418,Achira Food City,Ovilana Labuduwa
417,Ovitawatta st,Ovilana Labuduwa
416,S . N .Commiunication,Ovilana Labuduwa
415,Amila Hotel,Ovilana Labuduwa
414,Kusumsiri st,Ovilana Labuduwa
413,Dewangi Com,Ovilana Labuduwa
412,Sewwandi st,Ovilana Labuduwa
411,Chamoda Grinding mils,Ovilana Labuduwa
410,Liyanage st,Ovilana Labuduwa
409,Senarv St,Ovilana Labuduwa
408,Sampatha St,Ovilana Labuduwa
407,Co op Lelwala,Wanduramba Ovilana
406,K M G St,Ovilana Labuduwa
405,Vitana Book Shop,Wanduramba Ovilana
404,Lakjana st,Ovilana Labuduwa
403,M J M St,Dangedara  Elliot Road
402,Karapiya st,Dangedara  Elliot Road
401,David st,Kuruduwatta  Bataduwa
400,Samarawickrama st,Kuruduwatta  Bataduwa
399,Paranavithan st (wijaya Mw),Kuruduwatta  Bataduwa
398,No Name,Other Custermer
397,Saliya st,Kuruduwatta  Bataduwa
396,Sekara st,Kuruduwatta  Bataduwa
395,Nipuna Comminication,Kuruduwatta  Bataduwa
394,Petti Kade,Kuruduwatta  Bataduwa
393,Ranji vendol,Other Custermer
392,Asanka Vendol,Other Custermer
391,Asanka Yasan,Other Custermer
390,A K J Hotel,Kithulampitiya Karapitiya
389,Priyantha st,Kuruduwatta Kottawa
388,Anura Grinding Mill,Kuruduwatta Kottawa
387,Food Cabin,Dangedara  Elliot Road
386,Semage milk Bar,Dangedara  Elliot Road
385,Buddy st,Kithulampitiya Karapitiya
384,Uluvitiya St,Kithulampitiya Karapitiya
383,Mahoga St,Kithulampitiya Karapitiya
382,G K G St,Kithulampitiya Karapitiya
381,Sada taru Grocery,Kithulampitiya Karapitiya
380,Bandula Hotel,Kithulampitiya Karapitiya
379,Sunray Food City,Kithulampitiya Karapitiya
378,Samagp Milk Bar,Kithulampitiya Karapitiya
377,Palathuru Kade,Kithulampitiya Karapitiya
376,Aiantha st,Kithulampitiya Karapitiya
375,Praboda Book,Kithulampitiya Karapitiya
374,Mathish St,Narawala  Ambalanwatta
373,S H F Grocery,Milidduwa Magalle
372,P L P St,Milidduwa Magalle
371,Higland Milk Bar,Milidduwa Magalle
370,Lasantha st,Milidduwa Magalle
369,L P K St,Milidduwa Magalle
368,Himasha B/s,Milidduwa Magalle
367,Sinura Grocery,Milidduwa Magalle
366,Mervin st,Milidduwa Magalle
365,E H P St,Milidduwa Magalle
364,Chaminda Pharmacy,Milidduwa Magalle
363,Sampath St,Milidduwa Magalle
362,Supun comminication,Milidduwa Magalle
361,Deniyaya Food,Milidduwa Magalle
360,Bajaj Houes,Milidduwa Magalle
359,Sevans st,Narawala  Ambalanwatta
358,Lacky Cafe,Narawala  Ambalanwatta
357,Danuka Grocry,Narawala  Ambalanwatta
356,Abewickrama fc Hiribura,Kithulampitiya Karapitiya
355,Bilal Hotel,Kithulampitiya Karapitiya
354,Galle Pharmacy,Kithulampitiya Karapitiya
353,M R M St,Kithulampitiya Karapitiya
352,Allkamis st,Kithulampitiya Karapitiya
351,Rizla Hotel,Kithulampitiya Karapitiya
350,B T M Hotel,Kithulampitiya Karapitiya
349,Faruq Hotel,Kithulampitiya Karapitiya
348,Muslim Hotel,Kithulampitiya Karapitiya
347,Dinesh Hotel,Kithulampitiya Karapitiya
346,Ajasal Hotel,Kithulampitiya Karapitiya
345,M P S Coll Spot,Kithulampitiya Karapitiya
344,Wasana Bake House,Kithulampitiya Karapitiya
343,Karapitiya Pharmacy,Kithulampitiya Karapitiya
342,Lanka Pharmacy,Kithulampitiya Karapitiya
341,Sudu Hotel,Kithulampitiya Karapitiya
340,Asiri Cake,Kithulampitiya Karapitiya
339,Nasadi Hotel,Kithulampitiya Karapitiya
338,Shridara Pharmacy,Kithulampitiya Karapitiya
337,Dananjanee st,Kuruduwatta  Bataduwa
336,Danuka G/ m,Kuruduwatta  Bataduwa
335,W.G.M St,Kuruduwatta  Bataduwa
334,L.H. N.R St,Kuruduwatta  Bataduwa
333,Gunadasa st,Kithulampitiya Karapitiya
332,Naullage st,Dangedara  Elliot Road
331,Ajith st,Dangedara  Elliot Road
330,Dangedara st,Dangedara  Elliot Road
329,Padmini st,Dangedara  Elliot Road
328,Semlat Entre,Dangedara  Elliot Road
327,Post office,Dangedara  Elliot Road
326,Azra Grocery,Dangedara  Elliot Road
325,Kodithuwakku st,Kithulampitiya Karapitiya
324,P V K St,Kithulampitiya Karapitiya
323,Asoka st,Kithulampitiya Karapitiya
322,Sadika st,Kithulampitiya Karapitiya
321,Lucky st,Kithulampitiya Karapitiya
320,S Narangoda,Kithulampitiya Karapitiya
319,New National,Kithulampitiya Karapitiya
318,Star Hotel,Kithulampitiya Karapitiya
317,Aruna st,Kithulampitiya Karapitiya
316,Supun Grocery,Kuruduwatta  Bataduwa
315,Kirindagoda Fram Shop,Kuruduwatta  Bataduwa
314,J .W. St,Kuruduwatta  Bataduwa
313,S. K. Tr,Milidduwa Magalle
312,S K D St,Milidduwa Magalle
311,A R M St,Dangedara  Elliot Road
310,Liyange st ii steel,Dangedara  Elliot Road
309,Punchi Kade,Dangedara  Elliot Road
308,Muborak,Milidduwa Magalle
307,B & S Food city,Milidduwa Magalle
306,R & R St,Dangedara  Elliot Road
305,Hemantha st,Dangedara  Elliot Road
304,Jayasekara Hotel,Kithulampitiya Karapitiya
303,Aysha Hotel,Kithulampitiya Karapitiya
302,Startel com.,Kithulampitiya Karapitiya
301,Asiri Pharmacy,Kithulampitiya Karapitiya
300,Hospital Canteen,Kithulampitiya Karapitiya
299,Tisara Phymacy,Kithulampitiya Karapitiya
298,Sahanasala,Kithulampitiya Karapitiya
297,D.K.G. St,Kithulampitiya Karapitiya
296,Sirimal st,Kithulampitiya Karapitiya
295,Samudra Hotel,Kithulampitiya Karapitiya
294,Thushara Hotel,Kithulampitiya Karapitiya
293,NimsarA,Kithulampitiya Karapitiya
292,Daglas St,Kithulampitiya Karapitiya
291,Devon Hotel,Kithulampitiya Karapitiya
290,Lucky,Kithulampitiya Karapitiya
289,Devon Pharmacy,Kithulampitiya Karapitiya
288,Senith Pharmacy,Kithulampitiya Karapitiya
287,T.A St,Kithulampitiya Karapitiya
286,Karapitiya Agencies,Kithulampitiya Karapitiya
285,Chandani Hotel,Kithulampitiya Karapitiya
284, Ruhunu Hospital Canteen,Kithulampitiya Karapitiya
283,Roshan Grocery,Dangedara  Elliot Road
282,KOPIHENA ST,Kuruduwatta Kottawa
281,PETTI KADE,Kuruduwatta Kottawa
280,RANMENIKA FOOD CITY,Kuruduwatta  Bataduwa
279,SRIMALI ST,Kuruduwatta Kottawa
278,Kasun st,Kuruduwatta Kottawa
277,Vihanga 2,Kuruduwatta Kottawa
276,Darsha T Room,Kuruduwatta Kottawa
275,Sapiri 2,Kuruduwatta Kottawa
274,Randika,Kuruduwatta Kottawa
273,Sasika,Kuruduwatta Kottawa
272,Guruge Stores,Kuruduwatta Kottawa
271,Gamini st,Kuruduwatta  Bataduwa
270,Jagoda st,Kuruduwatta  Bataduwa
269,Bataduwa st,Kuruduwatta  Bataduwa
268,S A N Food City,Kuruduwatta  Bataduwa
267,Osinro Pharmacy,Kuruduwatta  Bataduwa
266,Laksiri Book shop,Kuruduwatta  Bataduwa
265,Danajanee,Kuruduwatta  Bataduwa
264,Amarasena,Kuruduwatta  Bataduwa
263,Kosgaha Kade,Kuruduwatta  Bataduwa
262,Highland milk Bar,Dangedara  Elliot Road
261,Jaseema st,Dangedara  Elliot Road
260,Azra paper shop,Dangedara  Elliot Road
259,Oxford pharmacy,Dangedara  Elliot Road
258,Co op Shop- Thanipolgaha,Milidduwa Magalle
257,Daily Needs,Milidduwa Magalle
256,Hassen Grocery,Milidduwa Magalle
255,Thalal Hotelh,Milidduwa Magalle
254,M G V Vegi Shop,Milidduwa Magalle
253,A M M St,Milidduwa Magalle
252,Lu Lu Pharmacy,Milidduwa Magalle
251,Faroshan Grocery,Milidduwa Magalle
250,Tharush St,Milidduwa Magalle
249,Gayan St,Milidduwa Magalle
248,Padmadasa St,Milidduwa Magalle
247,Rahamath Trades,Milidduwa Magalle
246,Tanipolgaha Nursing Home,Milidduwa Magalle
245,Goldan Grocery,Milidduwa Magalle
244,Hiddayath Food City,Milidduwa Magalle
243,J H Pharmacy,Milidduwa Magalle
242,M H M Masharim,Milidduwa Magalle
241,Sujith St,Milidduwa Magalle
240,Kumara St,Milidduwa Magalle
239,Nelum st,Milidduwa Magalle
238,Sandhya,Milidduwa Magalle
237,M. T .N,Milidduwa Magalle
236,Athula st,Narawala  Ambalanwatta
235,Premathilaka st,Narawala  Ambalanwatta
234,Jayawardana st,Narawala  Ambalanwatta
233,Hansamali St,Narawala  Ambalanwatta
232,Weeraketiya St,Narawala  Ambalanwatta
231,Kirigedara st,Narawala  Ambalanwatta
230,Mahilal Ent,Narawala  Ambalanwatta
229,Rathna Pharmacy,Narawala  Ambalanwatta
228,Starth st,Wanduramba Ovilana
227,Fahim St,Narawala  Ambalanwatta
226,Fanz st,Narawala  Ambalanwatta
225,Yasinda Grocery,Narawala  Ambalanwatta
224,Ape Kade,Narawala  Ambalanwatta
223,Prasad St,Narawala  Ambalanwatta
222,P H S St,Narawala  Ambalanwatta
221,Hettiarachchi st,Narawala  Ambalanwatta
220,New Iresha st,Narawala  Ambalanwatta
219,Ranjani St,Narawala  Ambalanwatta
218,Gayathi Vegi Shop,Narawala  Ambalanwatta
217,Silva St,Narawala  Ambalanwatta
216,Somareera St,Narawala  Ambalanwatta
215,Ravinda G/M,Narawala  Ambalanwatta
214,Taraka Grocery,Narawala  Ambalanwatta
213,Samagi Cantion,Narawala  Ambalanwatta
212,Suwira,Narawala  Ambalanwatta
211,Sarath st,Narawala  Ambalanwatta
210,Nandadasa st,Narawala  Ambalanwatta
209,Dangamuwa st,Narawala  Ambalanwatta
207,Nipuna,Narawala  Ambalanwatta
206,Nagahawatta,Narawala  Ambalanwatta
205,Perel Acadamy,Narawala  Ambalanwatta
204,Sudantha St,Narawala  Ambalanwatta
203,Dammika st,Narawala  Ambalanwatta
202,Gayanai st,Narawala  Ambalanwatta
201,Sena st,Narawala  Ambalanwatta
200,Semlat,Narawala  Ambalanwatta
199,Ariyadasa st,Narawala  Ambalanwatta
198,Achala st,Narawala  Ambalanwatta
197,B.P Grocey,Narawala  Ambalanwatta
196,PremaKumara st,Narawala  Ambalanwatta
195,Panbasara,Narawala  Ambalanwatta
194,Litel Lanka,Kithulampitiya Karapitiya
193,Abeywickrama Food,Narawala  Ambalanwatta
192,Suhada Milk Bar,Narawala  Ambalanwatta
191,Wickramasinhe,Narawala  Ambalanwatta
190,Anan Manan,Narawala  Ambalanwatta
189,Priyantha labuduwa,Narawala  Ambalanwatta
188,Keshan,Narawala  Ambalanwatta
187,Nevil,Narawala  Ambalanwatta
186,Co op,Narawala  Ambalanwatta
185,Kanthi,Narawala  Ambalanwatta
184,S. Narangoda,Narawala  Ambalanwatta
183,Ruhunaga,Narawala  Ambalanwatta
182,Hight Cantin,Narawala  Ambalanwatta
181,Chamath,Narawala  Ambalanwatta
180,M.T St,Narawala  Ambalanwatta
179,Senavi,Narawala  Ambalanwatta
178,Priyantha,Narawala  Ambalanwatta
177,Laksara,Narawala  Ambalanwatta
176,Chandana,Narawala  Ambalanwatta
175,Sunil,Narawala  Ambalanwatta
174,Ambagaha Watta,Narawala  Ambalanwatta
173,Nethmi,Narawala  Ambalanwatta
172,Sahana Sala,Narawala  Ambalanwatta
171,Wijekon Trades,Kuruduwatta  Bataduwa
170,S .S Grocery,Kuruduwatta  Bataduwa
169,Dinuka,Kuruduwatta  Bataduwa
168,Tharushi,Kuruduwatta  Bataduwa
167,Ramanayaka,Kuruduwatta  Bataduwa
166,Buddika,Kuruduwatta  Bataduwa
165,Aluth Kade G,Kuruduwatta  Bataduwa
164,A K J,Kuruduwatta  Bataduwa
163,A G F,Kuruduwatta  Bataduwa
162,Aluth Kade St,Kuruduwatta  Bataduwa
161,Kumari,Kuruduwatta  Bataduwa
160,Hasara,Kuruduwatta  Bataduwa
159,Madola,Kuruduwatta  Bataduwa
158,Silvas,Kuruduwatta  Bataduwa
157,Liyanage ii,Kuruduwatta  Bataduwa
156,Liyanage i,Kuruduwatta  Bataduwa
155,L.H.N,R,Kuruduwatta  Bataduwa
154,Chameera,Kuruduwatta  Bataduwa
153,Rasadi,Kuruduwatta  Bataduwa
152,Praneetha,Kuruduwatta  Bataduwa
151,Geeganage,Kuruduwatta  Bataduwa
150,Amarasoma,Kuruduwatta  Bataduwa
149,Anurada,Kuruduwatta  Bataduwa
148,Liyanage,Kuruduwatta  Bataduwa
147,Liyanarachchi,Kuruduwatta  Bataduwa
146,Praboda,Kuruduwatta  Bataduwa
145,Najith,Kuruduwatta  Bataduwa
144,Sapiri,Kuruduwatta  Bataduwa
143,Dilmi,Kuruduwatta  Bataduwa
142,K.G.S.,Kuruduwatta  Bataduwa
141,Palathuru Kade,Kuruduwatta Kottawa
140,Liyanage,Kuruduwatta Kottawa
139,Vogina Trade Center,Kuruduwatta Kottawa
138,Nabadawa,Kuruduwatta Kottawa
137,Buddy,Kuruduwatta Kottawa
136,Jayawardana,Kuruduwatta Kottawa
135,Ranga st,Kuruduwatta Kottawa
134,Akila st,Kuruduwatta Kottawa
133,Drasha Tea Room,Kuruduwatta Kottawa
132,Shashika,Kuruduwatta Kottawa
131,Uditha Vegi Shop,Kuruduwatta Kottawa
130,Induwara Phrmacy,Kuruduwatta Kottawa
129,Jayanthi Food City,Kuruduwatta Kottawa
128,Bandula st,Kuruduwatta Kottawa
127,Nihal Vegi Shop,Kuruduwatta Kottawa
126,Priyanthi,Kuruduwatta Kottawa
125,Jagath Petti kade,Kuruduwatta Kottawa
124,Nagahakoratuwa,Kuruduwatta Kottawa
123,Shantha st ii,Kuruduwatta Kottawa
121,Kumudasiri,Kuruduwatta Kottawa
120,Gamage,Kuruduwatta Kottawa
119,Samanmal,Kuruduwatta Kottawa
118,Shantha,Kuruduwatta Kottawa
117,Anura St,Kuruduwatta Kottawa
116,Talawa st,Kuruduwatta Kottawa
115,Godage I,Kuruduwatta Kottawa
114,Indika,Kuruduwatta Kottawa
113,K. G. St,Kuruduwatta Kottawa
112,Umagaliya,Kuruduwatta Kottawa
110,U . K St,Kuruduwatta Kottawa
109,Nayana st,Kuruduwatta Kottawa
108,V.V. Stored,Kuruduwatta Kottawa
107,Darmawardana,Kuruduwatta Kottawa
106,Jagath Tea Room,Kuruduwatta Kottawa
105,Kasun,Ovilana Labuduwa
104,Visal B / House,Kuruduwatta Kottawa
103,Weerasinha,Kuruduwatta Kottawa
102,Piyasiri,Kuruduwatta Kottawa
101,Godage,Kuruduwatta Kottawa
100,Nandadasa,Kuruduwatta Kottawa
99,Lalitha,Kuruduwatta Kottawa
98,Dahanayaka,Kuruduwatta Kottawa
97,Co oP Talgampala,Kuruduwatta Kottawa
96,K.P.S. St,Kuruduwatta Kottawa
95,P. V stores,Kuruduwatta Kottawa
94,Akura St,Kuruduwatta Kottawa
93,Mihiri,Kuruduwatta Kottawa
92,Srimali,Kuruduwatta Kottawa
91,Sanjana,Kuruduwatta Kottawa
90,Bandula Gr.,Kuruduwatta Kottawa
89,D G A,Kuruduwatta Kottawa
88,Janahitha,Kuruduwatta Kottawa
87,Thushara,Kuruduwatta Kottawa
86,Taraka,Kuruduwatta Kottawa
85,Vihanga,Kuruduwatta Kottawa
84,Co op Kottawa,Kuruduwatta Kottawa
83,Eranga Mortoes,Kuruduwatta Kottawa
82,Wimal,Kuruduwatta Kottawa
81,Jayathilaka,Kuruduwatta Kottawa
80,Jeewaka sta,Kuruduwatta Kottawa
79,Bandusena st,Kuruduwatta  Bataduwa
78,Jagoda st,Kuruduwatta Kottawa
77,Dais st,Kuruduwatta Kottawa
75,Pasindu Stores,Kuruduwatta Kottawa
74,Sisira stores,Kuruduwatta Kottawa
73,Sumudu Hotel,Kuruduwatta Kottawa
72,Co op  Newngala City,Kuruduwatta Kottawa
72,Co op  Newngala City,Kuruduwatta Kottawa
71,Dangedara B/H,Dangedara  Elliot Road
70,M.S.M.Stores,Dangedara  Elliot Road
67,Liyanage Stores,Dangedara  Elliot Road
66,Sundel Food City,Dangedara  Elliot Road
62,Indushani Stores,Dangedara  Elliot Road
61,New Rizla Hotel,Dangedara  Elliot Road
58,Ruhunu Rice Grocery,Dangedara  Elliot Road
57,Sarina B/H,Dangedara  Elliot Road
54,P.A.W.Pharmacy,Dangedara  Elliot Road
53,Tashila Cool Spot,Dangedara  Elliot Road
51,M.H.M Stores,Dangedara  Elliot Road
50,M.H. Grocery,Dangedara  Elliot Road
47,Nalin Stores,Dangedara  Elliot Road
45,K.G. Grocery,Dangedara  Elliot Road
43,W.H.P. Store,Dangedara  Elliot Road
41,Kannagara Stores,Dangedara  Elliot Road
39,Chandasekara Strose,Dangedara  Elliot Road
37,Nanayakara Stores,Dangedara  Elliot Road
35,Chaminda Grocery,Dangedara  Elliot Road
33,Kariyawasam Stores,Dangedara  Elliot Road
32,Siripala Stores,Dangedara  Elliot Road
31,Bosewana Stores,Dangedara  Elliot Road
27,Gamage Stores,Dangedara  Elliot Road
26,Eraji Grocery,Dangedara  Elliot Road
22,Chandana Stores,Dangedara  Elliot Road
22,Chandana Stores,Dangedara  Elliot Road
20,Co op Shop Beligaha,Dangedara  Elliot Road
18,Beligaha Hotel,Dangedara  Elliot Road
16,M.F.M. Stores,Dangedara  Elliot Road
14,M.A.R. Stores,Dangedara  Elliot Road
12,Nilmini st,Kottawa Yatalamatta
 
